Workbook

Sheet sample-data
D1: Goals | N1: Original goals | R1: Subgoals
A2: year | B2: region_id | C2: Index | D2: AO | E2: CP | F2: CS | G2: CW | H2: NP | I2: TR | J2: FP | K2: LE | L2: SP | M2: BD | N2: FP | O2: LE | P2: SP | Q2: BD | R2: FIS | S2: MAR | T2: LIV | U2: ECO | V2: ICO | W2: LSP | X2: HAB | Y2: SPP
A3: 2022 | B3: 01101 | C3: {=(SUMPRODUCT(D3:M3,weights!$A$2:$J$2))/SUM(weights!$A$2:$J$2 * ISNUMBER(D3:M3))} -> 46.96812 | D3: 66.76 | E3: 100 | F3: 72.53 | G3: 41.37 | H3: 30.58 | I3: 16.14 | J3: {=IFERROR(SUMPRODUCT(R3:S3,weights!$K$2:$L$2)/SUM(weights!$K$2:$L$2 * ISNUMBER(R3:S3)), "")} -> 85.714286 | K3: {=IFERROR(SUMPRODUCT(T3:U3,weights!$M$2:$N$2)/SUM(weights!$M$2:$N$2 * ISNUMBER(T3:U3)), "")} -> 100 | L3: {=IFERROR(SUMPRODUCT(V3:W3,weights!$O$2:$P$2)/SUM(weights!$O$2:$P$2 * ISNUMBER(V3:W3)), "")} -> 48.52 | M3: {=IFERROR(SUMPRODUCT(X3:Y3,weights!$Q$2:$R$2)/SUM(weights!$Q$2:$R$2 * ISNUMBER(X3:Y3)), "")} -> 55.56 | N3: 100 | O3: 66.46 | P3: 43.24 | Q3: 65.37 | R3: 100 | S3: 0 | T3: 100 | U3: 100 | V3: 72.25 | W3: 24.79 | X3: 19.06 | Y3: 92.06
A4: 2022 | B4: 01404 | C4: {=(SUMPRODUCT(D4:M4,weights!$A$2:$J$2))/SUM(weights!$A$2:$J$2 * ISNUMBER(D4:M4))} -> 66.908611 | D4: 40.3 | E4: 100 | F4: 50.08 | G4: 37.14 | H4: 79.78 | I4: 21.68 | J4: {=IFERROR(SUMPRODUCT(R4:S4,weights!$K$2:$L$2)/SUM(weights!$K$2:$L$2 * ISNUMBER(R4:S4)), "")} -> 33.38 | K4: {=IFERROR(SUMPRODUCT(T4:U4,weights!$M$2:$N$2)/SUM(weights!$M$2:$N$2 * ISNUMBER(T4:U4)), "")} | L4: {=IFERROR(SUMPRODUCT(V4:W4,weights!$O$2:$P$2)/SUM(weights!$O$2:$P$2 * ISNUMBER(V4:W4)), "")} -> 55.04 | M4: {=IFERROR(SUMPRODUCT(X4:Y4,weights!$Q$2:$R$2)/SUM(weights!$Q$2:$R$2 * ISNUMBER(X4:Y4)), "")} -> 68.935 | N4: 49.06 | P4: 46.56 | Q4: 64.08 | R4: 33.38 | V4: 76.77 | W4: 33.31 | X4: 58.95 | Y4: 78.92
A5: 2022 | B5: 02101 | C5: {=(SUMPRODUCT(D5:M5,weights!$A$2:$J$2))/SUM(weights!$A$2:$J$2 * ISNUMBER(D5:M5))} -> 52.693195 | D5: 29.25 | E5: 100 | F5: 74.54 | G5: 28.57 | H5: 41.28 | I5: 81.27 | J5: {=IFERROR(SUMPRODUCT(R5:S5,weights!$K$2:$L$2)/SUM(weights!$K$2:$L$2 * ISNUMBER(R5:S5)), "")} -> 80.805714 | K5: {=IFERROR(SUMPRODUCT(T5:U5,weights!$M$2:$N$2)/SUM(weights!$M$2:$N$2 * ISNUMBER(T5:U5)), "")} -> 75.47 | L5: {=IFERROR(SUMPRODUCT(V5:W5,weights!$O$2:$P$2)/SUM(weights!$O$2:$P$2 * ISNUMBER(V5:W5)), "")} -> 67.625 | M5: {=IFERROR(SUMPRODUCT(X5:Y5,weights!$Q$2:$R$2)/SUM(weights!$Q$2:$R$2 * ISNUMBER(X5:Y5)), "")} -> 50.84 | N5: 90.71 | O5: 100 | P5: 41.53 | Q5: 73.74 | R5: 85.94 | S5: 50 | T5: 69.8 | U5: 81.14 | V5: 66.14 | W5: 69.11 | X5: 16.67 | Y5: 85.01
A6: 2022 | B6: 02102 | C6: {=(SUMPRODUCT(D6:M6,weights!$A$2:$J$2))/SUM(weights!$A$2:$J$2 * ISNUMBER(D6:M6))} -> 25.812105 | D6: 33.54 | E6: 100 | F6: 71.81 | G6: 82.24 | H6: 0 | I6: 16.86 | J6: {=IFERROR(SUMPRODUCT(R6:S6,weights!$K$2:$L$2)/SUM(weights!$K$2:$L$2 * ISNUMBER(R6:S6)), "")} -> 75.39 | K6: {=IFERROR(SUMPRODUCT(T6:U6,weights!$M$2:$N$2)/SUM(weights!$M$2:$N$2 * ISNUMBER(T6:U6)), "")} -> 5.885 | L6: {=IFERROR(SUMPRODUCT(V6:W6,weights!$O$2:$P$2)/SUM(weights!$O$2:$P$2 * ISNUMBER(V6:W6)), "")} -> 41.56 | M6: {=IFERROR(SUMPRODUCT(X6:Y6,weights!$Q$2:$R$2)/SUM(weights!$Q$2:$R$2 * ISNUMBER(X6:Y6)), "")} -> 63.145 | N6: 77.18 | O6: 47.35 | P6: 65.18 | Q6: 73.24 | R6: 75.39 | T6: 11.77 | U6: 0 | V6: 58.02 | W6: 25.1 | X6: 37.88 | Y6: 88.41
A7: 2022 | B7: 02104 | C7: {=(SUMPRODUCT(D7:M7,weights!$A$2:$J$2))/SUM(weights!$A$2:$J$2 * ISNUMBER(D7:M7))} -> 24.740677 | D7: 0 | E7: 80.79 | F7: 46.2 | G7: 61.15 | H7: 0 | I7: 23.9 | J7: {=IFERROR(SUMPRODUCT(R7:S7,weights!$K$2:$L$2)/SUM(weights!$K$2:$L$2 * ISNUMBER(R7:S7)), "")} -> 69.422857 | K7: {=IFERROR(SUMPRODUCT(T7:U7,weights!$M$2:$N$2)/SUM(weights!$M$2:$N$2 * ISNUMBER(T7:U7)), "")} -> 49.875 | L7: {=IFERROR(SUMPRODUCT(V7:W7,weights!$O$2:$P$2)/SUM(weights!$O$2:$P$2 * ISNUMBER(V7:W7)), "")} -> 60.175 | M7: {=IFERROR(SUMPRODUCT(X7:Y7,weights!$Q$2:$R$2)/SUM(weights!$Q$2:$R$2 * ISNUMBER(X7:Y7)), "")} -> 78.56 | N7: 41.82 | O7: 27.34 | P7: 53.2 | Q7: 76.48 | R7: 68.17 | S7: 76.94 | T7: 59.16 | U7: 40.59 | V7: 69.72 | W7: 50.63 | X7: 78 | Y7: 79.12
A8: 2024 | B8: 01101 | C8: {=(SUMPRODUCT(D8:M8,weights!$A$2:$J$2))/SUM(weights!$A$2:$J$2 * ISNUMBER(D8:M8))} -> 62.91688 | D8: 59.26 | E8: 100 | F8: 51.15 | G8: 57.14 | H8: 62.11 | I8: 47.61 | J8: {=IFERROR(SUMPRODUCT(R8:S8,weights!$K$2:$L$2)/SUM(weights!$K$2:$L$2 * ISNUMBER(R8:S8)), "")} -> 87.935714 | K8: {=IFERROR(SUMPRODUCT(T8:U8,weights!$M$2:$N$2)/SUM(weights!$M$2:$N$2 * ISNUMBER(T8:U8)), "")} -> 68.825 | L8: {=IFERROR(SUMPRODUCT(V8:W8,weights!$O$2:$P$2)/SUM(weights!$O$2:$P$2 * ISNUMBER(V8:W8)), "")} -> 38.105 | M8: {=IFERROR(SUMPRODUCT(X8:Y8,weights!$Q$2:$R$2)/SUM(weights!$Q$2:$R$2 * ISNUMBER(X8:Y8)), "")} -> 64.295 | N8: 85.43 | O8: 100 | P8: 64.13 | Q8: 60.3 | R8: 100 | S8: 15.55 | T8: 56.81 | U8: 80.84 | V8: 68.05 | W8: 8.16 | X8: 42.9 | Y8: 85.69
A9: 2024 | B9: 01404 | C9: {=(SUMPRODUCT(D9:M9,weights!$A$2:$J$2))/SUM(weights!$A$2:$J$2 * ISNUMBER(D9:M9))} -> 83.431944 | D9: 85.64 | E9: 100 | F9: 60.36 | G9: 76.88 | H9: 100 | I9: 12.65 | J9: {=IFERROR(SUMPRODUCT(R9:S9,weights!$K$2:$L$2)/SUM(weights!$K$2:$L$2 * ISNUMBER(R9:S9)), "")} -> 65.4 | K9: {=IFERROR(SUMPRODUCT(T9:U9,weights!$M$2:$N$2)/SUM(weights!$M$2:$N$2 * ISNUMBER(T9:U9)), "")} | L9: {=IFERROR(SUMPRODUCT(V9:W9,weights!$O$2:$P$2)/SUM(weights!$O$2:$P$2 * ISNUMBER(V9:W9)), "")} -> 35.34 | M9: {=IFERROR(SUMPRODUCT(X9:Y9,weights!$Q$2:$R$2)/SUM(weights!$Q$2:$R$2 * ISNUMBER(X9:Y9)), "")} -> 65.505 | N9: 75.46 | P9: 30.03 | Q9: 59.78 | R9: 65.4 | V9: 64.3 | W9: 6.38 | X9: 44.48 | Y9: 86.53
A10: 2024 | B10: 02101 | C10: {=(SUMPRODUCT(D10:M10,weights!$A$2:$J$2))/SUM(weights!$A$2:$J$2 * ISNUMBER(D10:M10))} -> 68.260752 | D10: 25.1 | E10: 74.67 | F10: 29.37 | G10: 0 | H10: 86.12 | I10: 40.57 | J10: {=IFERROR(SUMPRODUCT(R10:S10,weights!$K$2:$L$2)/SUM(weights!$K$2:$L$2 * ISNUMBER(R10:S10)), "")} -> 53.394286 | K10: {=IFERROR(SUMPRODUCT(T10:U10,weights!$M$2:$N$2)/SUM(weights!$M$2:$N$2 * ISNUMBER(T10:U10)), "")} -> 100 | L10: {=IFERROR(SUMPRODUCT(V10:W10,weights!$O$2:$P$2)/SUM(weights!$O$2:$P$2 * ISNUMBER(V10:W10)), "")} -> 46.29 | M10: {=IFERROR(SUMPRODUCT(X10:Y10,weights!$Q$2:$R$2)/SUM(weights!$Q$2:$R$2 * ISNUMBER(X10:Y10)), "")} -> 66.36 | N10: 27.23 | O10: 100 | P10: 38.14 | Q10: 72.66 | R10: 50.08 | S10: 73.28 | T10: 100 | U10: 100 | V10: 64.75 | W10: 27.83 | X10: 49.21 | Y10: 83.51
A11: 2024 | B11: 02102 | C11: {=(SUMPRODUCT(D11:M11,weights!$A$2:$J$2))/SUM(weights!$A$2:$J$2 * ISNUMBER(D11:M11))} -> 33.488421 | D11: 78.85 | E11: 90.41 | F11: 77.73 | G11: 90.58 | H11: 2.36 | I11: 11.68 | J11: {=IFERROR(SUMPRODUCT(R11:S11,weights!$K$2:$L$2)/SUM(weights!$K$2:$L$2 * ISNUMBER(R11:S11)), "")} -> 88.4 | K11: {=IFERROR(SUMPRODUCT(T11:U11,weights!$M$2:$N$2)/SUM(weights!$M$2:$N$2 * ISNUMBER(T11:U11)), "")} -> 43.925 | L11: {=IFERROR(SUMPRODUCT(V11:W11,weights!$O$2:$P$2)/SUM(weights!$O$2:$P$2 * ISNUMBER(V11:W11)), "")} -> 63.715 | M11: {=IFERROR(SUMPRODUCT(X11:Y11,weights!$Q$2:$R$2)/SUM(weights!$Q$2:$R$2 * ISNUMBER(X11:Y11)), "")} -> 67.39 | N11: 100 | O11: 0 | P11: 39.3 | Q11: 77.6 | R11: 88.4 | T11: 28.7 | U11: 59.15 | V11: 58.01 | W11: 69.42 | X11: 50.75 | Y11: 84.03
A12: 2024 | B12: 02104 | C12: {=(SUMPRODUCT(D12:M12,weights!$A$2:$J$2))/SUM(weights!$A$2:$J$2 * ISNUMBER(D12:M12))} -> 63.050752 | D12: 2.4 | E12: 95.37 | F12: 30.31 | G12: 60.73 | H12: 78.68 | I12: 10.57 | J12: {=IFERROR(SUMPRODUCT(R12:S12,weights!$K$2:$L$2)/SUM(weights!$K$2:$L$2 * ISNUMBER(R12:S12)), "")} -> 45.914286 | K12: {=IFERROR(SUMPRODUCT(T12:U12,weights!$M$2:$N$2)/SUM(weights!$M$2:$N$2 * ISNUMBER(T12:U12)), "")} -> 22.725 | L12: {=IFERROR(SUMPRODUCT(V12:W12,weights!$O$2:$P$2)/SUM(weights!$O$2:$P$2 * ISNUMBER(V12:W12)), "")} -> 65.125 | M12: {=IFERROR(SUMPRODUCT(X12:Y12,weights!$Q$2:$R$2)/SUM(weights!$Q$2:$R$2 * ISNUMBER(X12:Y12)), "")} -> 78.02 | N12: 80.99 | O12: 6.63 | P12: 55.51 | Q12: 92.18 | R12: 36.9 | S12: 100 | T12: 25.74 | U12: 19.71 | V12: 70.78 | W12: 59.47 | X12: 67.54 | Y12: 88.5

Sheet weights
A1: AO | B1: CP | C1: CS | D1: CW | E1: NP | F1: TR | G1: FP | H1: LE | I1: SP | J1: BD | K1: FIS | L1: MAR | M1: LIV | N1: ECO | O1: ICO | P1: LSP | Q1: HAB | R1: SPP
A2: 1 | B2: 1 | C2: 1 | D2: 1 | E2: 10 | F2: 1 | G2: 1 | H2: 1 | I2: 1 | J2: 1 | K2: 6 | L2: 1 | M2: 1 | N2: 1 | O2: 1 | P2: 1 | Q2: 1 | R2: 1
